{"cameraMode":{"drawMode":0,"name":"Shaded","section":"Shading Mode"},"sceneLighting":true,"audioPlay":false,"sceneViewState":{"m_AlwaysRefresh":false,"showFog":true,"showSkybox":true,"showFlares":true,"showImageEffects":true,"showParticleSystems":true,"showVisualEffectGraphs":true,"m_FxEnabled":true},"in2DMode":false,"pivot":{"x":34.20289611816406,"y":40.37236022949219,"z":182.36737060546876},"rotation":{"x":-0.04481639713048935,"y":0.947253406047821,"z":-0.28170958161354067,"w":-0.14725233614444734},"size":11.007621765136719,"orthographic":true}