{"cameraMode":{"drawMode":0,"name":"Shaded","section":"Shading Mode"},"sceneLighting":true,"audioPlay":false,"sceneViewState":{"m_AlwaysRefresh":false,"showFog":true,"showSkybox":true,"showFlares":true,"showImageEffects":true,"showParticleSystems":true,"showVisualEffectGraphs":true,"m_FxEnabled":true},"in2DMode":false,"pivot":{"x":195.83865356445313,"y":16.415729522705079,"z":-32.197147369384769},"rotation":{"x":0.061357032507658008,"y":0.6824889779090881,"z":-0.05767714977264404,"w":0.7260297536849976},"size":17.261058807373048,"orthographic":false}