{"cameraMode":{"drawMode":0,"name":"Shaded","section":"Shading Mode"},"sceneLighting":true,"audioPlay":false,"sceneViewState":{"m_AlwaysRefresh":false,"showFog":true,"showSkybox":true,"showFlares":true,"showImageEffects":true,"showParticleSystems":true,"showVisualEffectGraphs":true,"m_FxEnabled":true},"in2DMode":false,"pivot":{"x":1.9543215036392213,"y":-10.708600044250489,"z":-134.1709747314453},"rotation":{"x":0.002108152024447918,"y":-0.8808233737945557,"z":0.473466694355011,"w":0.0039727091789245609},"size":15.529693603515625,"orthographic":false}