{"cameraMode":{"drawMode":0,"name":"Shaded","section":"Shading Mode"},"sceneLighting":true,"audioPlay":false,"sceneViewState":{"m_AlwaysRefresh":false,"showFog":true,"showSkybox":true,"showFlares":true,"showImageEffects":true,"showParticleSystems":true,"showVisualEffectGraphs":true,"m_FxEnabled":true},"in2DMode":false,"pivot":{"x":3.736729860305786,"y":22.591846466064454,"z":-113.39398193359375},"rotation":{"x":-0.013425294309854508,"y":-0.879069447517395,"z":0.47592541575431826,"w":-0.02457970380783081},"size":0.2926049828529358,"orthographic":false}